# Host: 127.0.0.1  (Version 5.5.5-10.1.33-MariaDB)
# Date: 2019-07-31 19:18:10
# Generator: MySQL-Front 6.0  (Build 2.20)


#
# Structure for table "detail_hasil"
#

DROP TABLE IF EXISTS `detail_hasil`;
CREATE TABLE `detail_hasil` (
  `kd_hasil` varchar(191) COLLATE utf8mb4_unicode_ci NOT NULL,
  `kd_kriteria` varchar(191) COLLATE utf8mb4_unicode_ci NOT NULL,
  `nilai_preferensi` varchar(191) COLLATE utf8mb4_unicode_ci NOT NULL,
  `created_at` timestamp NOT NULL DEFAULT CURRENT_TIMESTAMP,
  `updated_at` timestamp NOT NULL DEFAULT CURRENT_TIMESTAMP ON UPDATE CURRENT_TIMESTAMP
) ENGINE=InnoDB DEFAULT CHARSET=utf8mb4 COLLATE=utf8mb4_unicode_ci;

#
# Data for table "detail_hasil"
#

INSERT INTO `detail_hasil` VALUES ('1','KN01','0.06','2019-07-08 12:12:40','2019-07-08 12:12:40'),('1','KN02','0.186','2019-07-08 12:12:40','2019-07-08 12:12:40'),('1','KN03','0.277','2019-07-08 12:12:40','2019-07-08 12:12:40'),('1','KN04','0.133','2019-07-08 12:12:40','2019-07-08 12:12:40'),('1','KN05','0.175','2019-07-08 12:12:40','2019-07-08 12:12:40'),('2','KN01','0.1','2019-07-08 12:12:40','2019-07-08 12:12:40'),('2','KN02','0.179','2019-07-08 12:12:40','2019-07-08 12:12:40'),('2','KN03','0.3','2019-07-08 12:12:40','2019-07-08 12:12:40'),('2','KN04','0.156','2019-07-08 12:12:40','2019-07-08 12:12:40'),('2','KN05','0.175','2019-07-08 12:12:40','2019-07-08 12:12:40'),('3','KN01','0.08','2019-07-08 12:12:40','2019-07-08 12:12:40'),('3','KN02','0.164','2019-07-08 12:12:40','2019-07-08 12:12:40'),('3','KN03','0.277','2019-07-08 12:12:40','2019-07-08 12:12:40'),('3','KN04','0.2','2019-07-08 12:12:40','2019-07-08 12:12:40'),('3','KN05','0.2','2019-07-08 12:12:40','2019-07-08 12:12:40'),('4','KN01','0.06','2019-07-08 12:12:40','2019-07-08 12:12:40'),('4','KN02','0.2','2019-07-08 12:12:40','2019-07-08 12:12:40'),('4','KN03','0.277','2019-07-08 12:12:40','2019-07-08 12:12:40'),('4','KN04','0.178','2019-07-08 12:12:40','2019-07-08 12:12:40'),('4','KN05','0.175','2019-07-08 12:12:40','2019-07-08 12:12:40'),('5','KN01','0.04','2019-07-08 12:12:40','2019-07-08 12:12:40'),('5','KN02','0.186','2019-07-08 12:12:40','2019-07-08 12:12:40'),('5','KN03','0.277','2019-07-08 12:12:40','2019-07-08 12:12:40'),('5','KN04','0.133','2019-07-08 12:12:40','2019-07-08 12:12:40'),('5','KN05','0.2','2019-07-08 12:12:40','2019-07-08 12:12:40'),('6','KN01','0.04','2019-07-08 15:13:58','2019-07-08 15:13:58'),('6','KN02','0.161','2019-07-08 15:13:58','2019-07-08 15:13:58'),('6','KN03','0.277','2019-07-08 15:13:58','2019-07-08 15:13:58'),('6','KN04','0.143','2019-07-08 15:13:58','2019-07-08 15:13:58'),('6','KN05','0.178','2019-07-08 15:13:58','2019-07-08 15:13:58'),('7','KN01','0.1','2019-07-08 15:13:58','2019-07-08 15:13:58'),('7','KN02','0.2','2019-07-08 15:13:58','2019-07-08 15:13:58'),('7','KN03','0.3','2019-07-08 15:13:58','2019-07-08 15:13:58'),('7','KN04','0.2','2019-07-08 15:13:58','2019-07-08 15:13:58'),('7','KN05','0.2','2019-07-08 15:13:58','2019-07-08 15:13:58'),('8','KN01','0.1','2019-07-08 15:13:58','2019-07-08 15:13:58'),('8','KN02','0.194','2019-07-08 15:13:58','2019-07-08 15:13:58'),('8','KN03','0.254','2019-07-08 15:13:58','2019-07-08 15:13:58'),('8','KN04','0.2','2019-07-08 15:13:58','2019-07-08 15:13:58'),('8','KN05','0.2','2019-07-08 15:13:58','2019-07-08 15:13:58'),('9','KN01','0.1','2019-07-08 15:13:58','2019-07-08 15:13:58'),('9','KN02','0.181','2019-07-08 15:13:58','2019-07-08 15:13:58'),('9','KN03','0.3','2019-07-08 15:13:58','2019-07-08 15:13:58'),('9','KN04','0.171','2019-07-08 15:13:58','2019-07-08 15:13:58'),('9','KN05','0.178','2019-07-08 15:13:58','2019-07-08 15:13:58'),('10','KN01','0.1','2019-07-08 15:13:58','2019-07-08 15:13:58'),('10','KN02','0.168','2019-07-08 15:13:58','2019-07-08 15:13:58'),('10','KN03','0.277','2019-07-08 15:13:58','2019-07-08 15:13:58'),('10','KN04','0.171','2019-07-08 15:13:58','2019-07-08 15:13:58'),('10','KN05','0.2','2019-07-08 15:13:58','2019-07-08 15:13:58'),('11','KN01','0.1','2019-07-24 20:41:03','2019-07-24 20:41:03'),('11','KN02','0.192','2019-07-24 20:41:03','2019-07-24 20:41:03'),('11','KN03','0.1','2019-07-24 20:41:03','2019-07-24 20:41:03'),('11','KN04','0.175','2019-07-24 20:41:03','2019-07-24 20:41:03'),('11','KN05','0.125','2019-07-24 20:41:03','2019-07-24 20:41:03'),('12','KN01','0.1','2019-07-24 20:41:03','2019-07-24 20:41:03'),('12','KN02','0.169','2019-07-24 20:41:03','2019-07-24 20:41:03'),('12','KN03','0.15','2019-07-24 20:41:03','2019-07-24 20:41:03'),('12','KN04','0.175','2019-07-24 20:41:03','2019-07-24 20:41:03'),('12','KN05','0.15','2019-07-24 20:41:03','2019-07-24 20:41:03'),('13','KN01','0.1','2019-07-24 20:41:03','2019-07-24 20:41:03'),('13','KN02','0.169','2019-07-24 20:41:03','2019-07-24 20:41:03'),('13','KN03','0.3','2019-07-24 20:41:03','2019-07-24 20:41:03'),('13','KN04','0.15','2019-07-24 20:41:03','2019-07-24 20:41:03'),('13','KN05','0.125','2019-07-24 20:41:03','2019-07-24 20:41:03'),('14','KN01','0.1','2019-07-24 20:41:03','2019-07-24 20:41:03'),('14','KN02','0.177','2019-07-24 20:41:03','2019-07-24 20:41:03'),('14','KN03','0.225','2019-07-24 20:41:03','2019-07-24 20:41:03'),('14','KN04','0.2','2019-07-24 20:41:03','2019-07-24 20:41:03'),('14','KN05','0.15','2019-07-24 20:41:04','2019-07-24 20:41:04'),('15','KN01','0.1','2019-07-24 20:41:04','2019-07-24 20:41:04'),('15','KN02','0.2','2019-07-24 20:41:04','2019-07-24 20:41:04'),('15','KN03','0.3','2019-07-24 20:41:04','2019-07-24 20:41:04'),('15','KN04','0.125','2019-07-24 20:41:04','2019-07-24 20:41:04'),('15','KN05','0.2','2019-07-24 20:41:04','2019-07-24 20:41:04'),('16','KN01','0.02','2019-07-25 00:54:16','2019-07-25 00:54:16'),('16','KN02','0.191','2019-07-25 00:54:16','2019-07-25 00:54:16'),('16','KN03','0.15','2019-07-25 00:54:16','2019-07-25 00:54:16'),('16','KN04','0.1','2019-07-25 00:54:16','2019-07-25 00:54:16'),('16','KN05','0.2','2019-07-25 00:54:16','2019-07-25 00:54:16'),('17','KN01','0.06','2019-07-25 00:54:16','2019-07-25 00:54:16'),('17','KN02','0.2','2019-07-25 00:54:16','2019-07-25 00:54:16'),('17','KN03','0.15','2019-07-25 00:54:16','2019-07-25 00:54:16'),('17','KN04','0.15','2019-07-25 00:54:16','2019-07-25 00:54:16'),('17','KN05','0.175','2019-07-25 00:54:16','2019-07-25 00:54:16'),('18','KN01','0.08','2019-07-25 00:54:16','2019-07-25 00:54:16'),('18','KN02','0.139','2019-07-25 00:54:16','2019-07-25 00:54:16'),('18','KN03','0.225','2019-07-25 00:54:16','2019-07-25 00:54:16'),('18','KN04','0.075','2019-07-25 00:54:16','2019-07-25 00:54:16'),('18','KN05','0.125','2019-07-25 00:54:16','2019-07-25 00:54:16'),('19','KN01','0.04','2019-07-25 00:54:16','2019-07-25 00:54:16'),('19','KN02','0.2','2019-07-25 00:54:16','2019-07-25 00:54:16'),('19','KN03','0.3','2019-07-25 00:54:16','2019-07-25 00:54:16'),('19','KN04','0.15','2019-07-25 00:54:16','2019-07-25 00:54:16'),('19','KN05','0.1','2019-07-25 00:54:17','2019-07-25 00:54:17'),('20','KN01','0.1','2019-07-25 00:54:17','2019-07-25 00:54:17'),('20','KN02','0.174','2019-07-25 00:54:17','2019-07-25 00:54:17'),('20','KN03','0.3','2019-07-25 00:54:17','2019-07-25 00:54:17'),('20','KN04','0.2','2019-07-25 00:54:17','2019-07-25 00:54:17'),('20','KN05','0.125','2019-07-25 00:54:17','2019-07-25 00:54:17'),('21','KN01','0.08','2019-07-26 15:53:57','2019-07-26 15:53:57'),('21','KN02','0.185','2019-07-26 15:53:57','2019-07-26 15:53:57'),('21','KN03','0.208','2019-07-26 15:53:57','2019-07-26 15:53:57'),('21','KN04','0.111','2019-07-26 15:53:57','2019-07-26 15:53:57'),('21','KN05','0.2','2019-07-26 15:53:57','2019-07-26 15:53:57'),('22','KN01','0.1','2019-07-26 15:53:57','2019-07-26 15:53:57'),('22','KN02','0.17','2019-07-26 15:53:57','2019-07-26 15:53:57'),('22','KN03','0.185','2019-07-26 15:53:57','2019-07-26 15:53:57'),('22','KN04','0.133','2019-07-26 15:53:57','2019-07-26 15:53:57'),('22','KN05','0.2','2019-07-26 15:53:57','2019-07-26 15:53:57'),('23','KN01','0.1','2019-07-26 15:53:57','2019-07-26 15:53:57'),('23','KN02','0.2','2019-07-26 15:53:57','2019-07-26 15:53:57'),('23','KN03','0.254','2019-07-26 15:53:57','2019-07-26 15:53:57'),('23','KN04','0.178','2019-07-26 15:53:57','2019-07-26 15:53:57'),('23','KN05','0.2','2019-07-26 15:53:57','2019-07-26 15:53:57'),('24','KN01','0.08','2019-07-26 15:53:57','2019-07-26 15:53:57'),('24','KN02','0.17','2019-07-26 15:53:57','2019-07-26 15:53:57'),('24','KN03','0.3','2019-07-26 15:53:57','2019-07-26 15:53:57'),('24','KN04','0.2','2019-07-26 15:53:57','2019-07-26 15:53:57'),('24','KN05','0.2','2019-07-26 15:53:57','2019-07-26 15:53:57'),('25','KN01','0.1','2019-07-26 15:53:57','2019-07-26 15:53:57'),('25','KN02','0.193','2019-07-26 15:53:57','2019-07-26 15:53:57'),('25','KN03','0.231','2019-07-26 15:53:57','2019-07-26 15:53:57'),('25','KN04','0.133','2019-07-26 15:53:57','2019-07-26 15:53:57'),('25','KN05','0.2','2019-07-26 15:53:57','2019-07-26 15:53:57');

#
# Structure for table "guru"
#

DROP TABLE IF EXISTS `guru`;
CREATE TABLE `guru` (
  `kd_guru` varchar(5) COLLATE utf8mb4_unicode_ci NOT NULL,
  `nama_guru` varchar(100) COLLATE utf8mb4_unicode_ci NOT NULL,
  `jenkel` enum('L','P') COLLATE utf8mb4_unicode_ci NOT NULL,
  `no_telp` varchar(15) COLLATE utf8mb4_unicode_ci NOT NULL,
  `alamat` varchar(150) COLLATE utf8mb4_unicode_ci NOT NULL,
  `created_at` timestamp NULL DEFAULT NULL,
  `updated_at` timestamp NULL DEFAULT NULL
) ENGINE=InnoDB DEFAULT CHARSET=utf8mb4 COLLATE=utf8mb4_unicode_ci;

#
# Data for table "guru"
#

INSERT INTO `guru` VALUES ('KM001','Adhika Puspitasari, S.Pd','L','123917283912','Tangerang','2019-07-06 06:43:30','2019-07-06 06:55:25'),('KM002','Agni Dwi Elfahmi , S.Pd','P','123123123123','Ciledug','2019-07-06 06:43:59','2019-07-06 06:43:59'),('KM003','Ana Saptini, S.Pd, M.M.','P','123123321321','BL','2019-07-06 08:39:19','2019-07-06 08:39:19'),('KM004','Badriah El Qudsy, S.Pd','P','0987654321123','Pondok Kacang','2019-07-06 08:39:51','2019-07-06 08:39:51'),('KM005','Ainor Kholis, S.PdI','L','213890982329','Srengseng','2019-07-06 08:40:15','2019-07-06 08:40:15');

#
# Structure for table "hasil"
#

DROP TABLE IF EXISTS `hasil`;
CREATE TABLE `hasil` (
  `id` bigint(20) unsigned NOT NULL AUTO_INCREMENT,
  `kd_guru` varchar(5) COLLATE utf8mb4_unicode_ci NOT NULL,
  `nilai_hasil` double(5,3) DEFAULT NULL,
  `tahun_ajaran` varchar(9) COLLATE utf8mb4_unicode_ci NOT NULL,
  `semester` varchar(191) COLLATE utf8mb4_unicode_ci NOT NULL,
  `created_at` timestamp NOT NULL DEFAULT CURRENT_TIMESTAMP,
  `updated_at` timestamp NOT NULL DEFAULT CURRENT_TIMESTAMP ON UPDATE CURRENT_TIMESTAMP,
  PRIMARY KEY (`id`)
) ENGINE=InnoDB AUTO_INCREMENT=26 DEFAULT CHARSET=utf8mb4 COLLATE=utf8mb4_unicode_ci;

#
# Data for table "hasil"
#

INSERT INTO `hasil` VALUES (1,'KM001',0.831,'2019/2020','Ganjil','2019-07-08 12:12:40','2019-07-08 12:12:40'),(2,'KM002',0.910,'2019/2020','Ganjil','2019-07-08 12:12:40','2019-07-08 12:12:40'),(3,'KM003',0.921,'2019/2020','Ganjil','2019-07-08 12:12:40','2019-07-08 12:12:40'),(4,'KM004',0.890,'2019/2020','Ganjil','2019-07-08 12:12:40','2019-07-08 12:12:40'),(5,'KM005',0.836,'2019/2020','Ganjil','2019-07-08 12:12:40','2019-07-08 12:12:40'),(6,'KM001',0.799,'2019/2020','Genap','2019-07-08 15:13:58','2019-07-08 16:08:49'),(7,'KM002',1.000,'2019/2020','Genap','2019-07-08 15:13:58','2019-07-08 16:08:50'),(8,'KM003',0.948,'2019/2020','Genap','2019-07-08 15:13:58','2019-07-08 16:08:51'),(9,'KM004',0.930,'2019/2020','Genap','2019-07-08 15:13:58','2019-07-08 16:08:52'),(10,'KM005',0.916,'2019/2020','Genap','2019-07-08 15:13:58','2019-07-08 16:08:54'),(11,'KM001',0.692,'2020/2021','Ganjil','2019-07-24 20:41:03','2019-07-25 20:08:58'),(12,'KM002',0.744,'2020/2021','Ganjil','2019-07-24 20:41:03','2019-07-25 20:08:59'),(13,'KM003',0.844,'2020/2021','Ganjil','2019-07-24 20:41:03','2019-07-25 20:09:00'),(14,'KM004',0.852,'2020/2021','Ganjil','2019-07-24 20:41:03','2019-07-25 20:09:00'),(15,'KM005',0.925,'2020/2021','Ganjil','2019-07-24 20:41:04','2019-07-25 20:09:02'),(16,'KM001',0.661,'2020/2021','Genap','2019-07-25 00:54:16','2019-07-25 20:09:26'),(17,'KM002',0.735,'2020/2021','Genap','2019-07-25 00:54:16','2019-07-25 20:09:20'),(18,'KM003',0.644,'2020/2021','Genap','2019-07-25 00:54:16','2019-07-25 20:09:20'),(19,'KM004',0.790,'2020/2021','Genap','2019-07-25 00:54:16','2019-07-25 20:09:19'),(20,'KM005',0.899,'2020/2021','Genap','2019-07-25 00:54:17','2019-07-25 20:09:19'),(21,'KM001',0.784,'2021/2022','Ganjil','2019-07-26 15:53:57','2019-07-26 20:07:11'),(22,'KM002',0.788,'2021/2022','Ganjil','2019-07-26 15:53:57','2019-07-26 20:07:13'),(23,'KM003',0.932,'2021/2022','Ganjil','2019-07-26 15:53:57','2019-07-26 20:07:14'),(24,'KM004',0.950,'2021/2022','Ganjil','2019-07-26 15:53:57','2019-07-26 20:07:14'),(25,'KM005',0.857,'2021/2022','Ganjil','2019-07-26 15:53:57','2019-07-26 20:07:17');

#
# Structure for table "kriteria"
#

DROP TABLE IF EXISTS `kriteria`;
CREATE TABLE `kriteria` (
  `kd_kriteria` varchar(4) COLLATE utf8mb4_unicode_ci NOT NULL DEFAULT '',
  `nama_kriteria` varchar(191) COLLATE utf8mb4_unicode_ci NOT NULL,
  `bobot_kriteria` double(4,2) NOT NULL,
  `created_at` timestamp NULL DEFAULT NULL,
  `updated_at` timestamp NULL DEFAULT NULL
) ENGINE=InnoDB DEFAULT CHARSET=utf8mb4 COLLATE=utf8mb4_unicode_ci;

#
# Data for table "kriteria"
#

INSERT INTO `kriteria` VALUES ('KN01','Absensi',0.10,'2019-07-06 07:03:49','2019-07-06 07:03:49'),('KN02','Kompetensi Pedagogik',0.20,'2019-07-06 07:07:06','2019-07-06 07:07:06'),('KN03','Kompetensi Kepribadian',0.30,'2019-07-06 07:12:59','2019-07-06 07:12:59'),('KN04','Kompetensi Sosial',0.20,'2019-07-06 07:13:14','2019-07-06 07:13:14'),('KN05','Kompetensi Profesional',0.20,'2019-07-06 07:13:28','2019-07-06 07:14:37');

#
# Structure for table "sub_kriteria"
#

DROP TABLE IF EXISTS `sub_kriteria`;
CREATE TABLE `sub_kriteria` (
  `kd_sub` varchar(5) COLLATE utf8mb4_unicode_ci NOT NULL,
  `nama_sub` varchar(100) COLLATE utf8mb4_unicode_ci NOT NULL,
  `kd_kriteria` varchar(5) COLLATE utf8mb4_unicode_ci NOT NULL,
  `created_at` timestamp NULL DEFAULT NULL,
  `updated_at` timestamp NULL DEFAULT NULL
) ENGINE=InnoDB DEFAULT CHARSET=utf8mb4 COLLATE=utf8mb4_unicode_ci;

#
# Data for table "sub_kriteria"
#

INSERT INTO `sub_kriteria` VALUES ('Sub01','Sub Kriteria 1','KN01','2019-07-06 07:54:34','2019-07-06 07:58:30'),('Sub02','Sub Kriteria 2','KN02','2019-07-06 07:59:07','2019-07-06 07:59:07'),('Sub03','Sub Kriteria 3','KN02','2019-07-06 07:59:22','2019-07-06 07:59:22'),('Sub04','Sub Kriteria 4','KN02','2019-07-06 07:59:31','2019-07-06 07:59:31'),('Sub05','Sub Kriteria 5','KN02','2019-07-06 07:59:41','2019-07-06 08:55:41'),('Sub06','Sub Kriteria 6','KN02','2019-07-06 08:00:00','2019-07-06 08:00:00'),('Sub07','Sub Kriteria 7','KN02','2019-07-06 08:00:09','2019-07-06 08:00:09'),('Sub08','Sub Kriteria 8','KN02','2019-07-06 08:00:17','2019-07-06 08:00:17'),('Sub09','Sub Kriteria 9','KN03','2019-07-06 08:00:30','2019-07-06 08:00:30'),('Sub10','Sub Kriteria 10','KN03','2019-07-06 08:00:43','2019-07-06 08:00:43'),('Sub11','Sub Kriteria 11','KN03','2019-07-06 08:00:53','2019-07-06 08:00:53'),('Sub12','Sub Kriteria 12','KN04','2019-07-06 08:01:05','2019-07-06 08:01:05'),('Sub13','Sub Kriteria 13','KN04','2019-07-06 08:01:12','2019-07-06 08:01:12'),('Sub14','Sub Kriteria 14','KN05','2019-07-06 08:01:20','2019-07-06 08:01:20'),('Sub15','Sub Kriteria 15','KN05','2019-07-06 08:01:29','2019-07-06 08:01:29');

#
# Structure for table "users"
#

DROP TABLE IF EXISTS `users`;
CREATE TABLE `users` (
  `id` bigint(20) unsigned NOT NULL AUTO_INCREMENT,
  `nama` varchar(191) COLLATE utf8mb4_unicode_ci NOT NULL DEFAULT '',
  `email` varchar(191) COLLATE utf8mb4_unicode_ci NOT NULL,
  `email_verified_at` timestamp NULL DEFAULT NULL,
  `password` varchar(191) COLLATE utf8mb4_unicode_ci NOT NULL,
  `remember_token` varchar(100) COLLATE utf8mb4_unicode_ci DEFAULT NULL,
  `created_at` timestamp NULL DEFAULT NULL,
  `updated_at` timestamp NULL DEFAULT NULL,
  PRIMARY KEY (`id`),
  UNIQUE KEY `users_email_unique` (`email`)
) ENGINE=InnoDB AUTO_INCREMENT=2 DEFAULT CHARSET=utf8mb4 COLLATE=utf8mb4_unicode_ci;

#
# Data for table "users"
#

INSERT INTO `users` VALUES (1,'Admin1','admin@email.com',NULL,'$2y$10$ETvZqYbL3tOcw5ZshvDcZeRhLHpvtWigWdkp8a.KtbsMYBgZwT9Qu',NULL,'2019-07-24 05:29:09','2019-07-24 05:29:09');
